Source Entity,Target Entity
thedj.tech,+1 201 377 5952
thedj.tech,+91 94913 76372
thedj.tech,abuse-contact@publicdomainregistry.com
thedj.tech,abuse@publicdomainregistry.com
thedj.tech,ali.ns.cloudflare.com
thedj.tech,Andhra Pradesh
thedj.tech,blog.thedj.tech
thedj.tech,devijagannadh@gmail.com
thedj.tech,dns@cloudflare.com.
thedj.tech,imap.thedj.tech
thedj.tech,matias.ns.cloudflare.com
thedj.tech,N/A
thedj.tech,"parvathipuram, IN"
thedj.tech,PDR Ltd.
thedj.tech,PDR Ltd. d/b/a PublicDomainRegistry.com
thedj.tech,pop.thedj.tech
thedj.tech,smtp.thedj.tech
thedj.tech,tech devp Corp
thedj.tech,thedj.at
thedj.tech,thedj.co
thedj.tech,thedj.com
thedj.tech,thedj.de
thedj.tech,thedj.directory
thedj.tech,thedj.dk
thedj.tech,thedj.email
thedj.tech,thedj.es
thedj.tech,thedj.guru
thedj.tech,thedj.info
thedj.tech,thedj.it
thedj.tech,thedj.life
thedj.tech,us2.mx1.mailhostbox.com
thedj.tech,us2.mx2.mailhostbox.com
thedj.tech,us2.mx3.mailhostbox.com
thedj.tech,webmail.thedj.tech
thedj.tech,www.thedj.tech
thedj.tech,www.thedj.tech
